ANO;TRIBO;AREA
2022;Jarawara/Jamamadi/Kanamati;0,07
2022;Kaxarari;1,09
2022;Barreira da Miss�o;0
2022;Igarap� Capana;0
2022;Banaw�;0
2022;Kanamari do Rio Juru�;0,59
2022;Mamoadate;0,61
2022;Camadeni;0
2022;Anaro;0
2022;Alto Tarauac�;0
2022;Kampa e Isolados do Rio Envira;0,08
2022;Kulina Igarap� do Pau;0,08
2022;Karitiana;0,15
2022;Caititu;0,13
2022;Apurin� Km 124 BR-317;1,16
2022;Cacau do Tarauaca;0,08
2022;Bom Intento;0,06
2022;Macarr�o;0,35
2022;S�o Francisco do Canimari;0
2022;Kampa do Rio Am�nia;0,06
2022;Ba�;0,15
2022;Krikati;0,16
2022;Kaxinaw� do Rio Jord�o;0,32
2022;Jaminawa do Igarap� Preto;0
2022;Kaxinaw� Col�nia Vinte e Sete;0
2022;Guanabara;0,07
2022;Jurubaxi-t�a;0
2022;Mapari;0
2022;Peneri/Tacaquiri;1,03
2022;�vare II;0,06
2022;Igarap� do Caucho;0,06
2022;Kaxinaw� Nova Olinda;0,61
2022;Alto Rio Negro;1,51
2022;Esp�rito Santo;0
2022;Jaminaua/Envira;0
2022;Kumaru do Lago Ual�;0
2022;Camicua;0,08
2022;Igarap� Grande;0
2022;Inauini/Teuini;0
2022;Hi Merim�;0
2022;Igarap� Taboca do Alto Tarauac�;0
2022;Barro Alto;0
2022;Cabeceira do Rio Acre;0,13
2022;Paumari do Lago Paric�;0
2022;Andir�-Marau;6,15
2022;Deni;1,85
2022;Balaio;0
2022;Campinas/Katukina;0,08
2022;Kaxinaw� Ashaninka do Rio Breu;0,06
2022;�gua Preta/Inari;0,14
2022;Kaxinaw� do Baixo Rio Jord�o;0
2022;Guajah�;0
2022;Anan�s;0
2022;Sapotal;0
2022;Paran� do Arauat�;0
2022;S�o Pedro do Sepatini;0
2022;Santana;0
2022;Igarap� Lage;1,01
2022;Kaxinaw� do Rio Humait�;0,13
2022;M�e Maria;0,18
2022;Kreny�;0
2022;Kampa do Igarap� Primavera;0
2022;Badjonkore;0
2022;Jaminawa Arara do Rio Bag�;0,07
2022;Kaxinaw� da Praia do Carapan�;0,26
2022;Alto Rio Purus;0,16
2022;Acapuri de Cima;0
2022;Betania;0
2022;Rio Guapor�;0,39
2022;Cuiu-Cuiu;0
2022;Catipari/Mamoria;0,2
2022;Lauro Sodr�;0
2022;Boca do Acre;0,94
2022;Apurin� do Igarap� Mucuim;0
2022;Juma;0
2022;Igarap� Ribeir�o;0,04
2022;Kulina do Medio Jurua;0,79
2022;Estrela da Paz;0,07
2022;Arara do Igarap� Humait�;0,17
2022;Kulina do Rio Envira;0
2022;�vare I;1,18
2022;Karipuna;17,41
2022;Marajai;0
2022;Jacare�ba/Katauixi (restri��o uso);0
2022;Kaxinaw� Seringal Independ�ncia;0,19
2022;Matintin;0
2022;Acim�;0
2022;Cu� Cu�/ Marabitanas;0,14
2022;Mawetek;0,29
2022;Alto Sepatini;0
2022;Apiaka/Kayabi;0,01
2022;Arara da Volta Grande do Xingu;0,22
2022;Apiak� do Pontal e Isolados;0,02
2022;Katukina/Kaxinaw�;0,52
2022;Miratu;0
2022;Lago do Correio;0,04
2022;Jaquiri;0
2022;Paumari do Rio Ituxi;0
2022;Arara do Rio Am�nia;0,1
2022;Paracuhuba;0
2022;Tuwa Apekuokawera;0,49
2022;Jumina;0
2022;Tikuna de Santo Antonio;0,2
2022;Nova Jacund�;0
2022;Estivadinho;0
2022;Apurin� Igarap� Tauamirim;0
2022;Juruna do Km 17;0
2022;Fortaleza do Castanho;0
2022;Capoto/Jarina;0,09
2022;Jauary;1,08
2022;Nhamund�/Mapuera;0,21
2022;Uru-Eu-Wau-Wau;1,88
2022;Santa Cruz da Nova Alian�a;0
2022;Pium;0
2022;Aripuan�;3,24
2022;Uirapuru;0
2022;Wedez�;0,11
2022;Tur�/Mariquita;0
2022;Itaitinga;0
2022;Taego �wa;0
2022;Parabubure;0
2022;Meria;0
2022;Trincheira Bacaja;14,97
2022;Nambikwara;0,06
2022;Vale do Guapor�;0,17
2022;Muriru;0
2022;Cunh�-Sapucaia;0
2022;Jarudore;0
2022;Ponte de Pedra;0
2022;Alto Rio Guam�;2,27
2022;Aningal;0
2022;Rio Paru DEste;0
2022;Menkragnoti;1,61
2022;Porquinhos;0
2022;Serra Morena;0,34
2022;Bacurizinho;0
2022;Cachoeira Seca;27,47
2022;Anamb�;0,06
2022;Barreirinha;0
2022;Tumi�;0
2022;Setem�;0
2022;Fortaleza do Patau�;0
2022;Paqui�amba;0,36
2022;Marait�;0
2022;Massaco;0
2022;Boqueir�o;0
2022;Apyterewa;102,23
2022;Sawr� Muybu (Pimental);0,04
2022;Recreio/S�o F�lix;0
2022;Wawi;0
2022;Cuia;0,16
2022;Kaxuyana-Tunayana;0,23
2022;Tapirap�/Karaj�;0
2022;Trocar�;0,07
2022;Ariramba;0
2022;Cobra Grande;0
2022;Rio Negro Ocaia;0,43
2022;Arara;0,01
2022;Rio Greg�rio;0,25
2022;Parakan�;0,41
2022;Parque do Araguaia;0
2022;Nova Esperan�a do Rio Jandiatuba;0
2022;Ponta da Serra;0
2022;M�dio Rio Negro I;0,25
2022;Murutinga/Tracaja;1,53
2022;Tukuna Umaria�u;0,18
2022;Tenharim Marmelos;0,49
2022;Canauanim;0
2022;Maraiwatsede;4,53
2022;Parana do Paric�;0
2022;Parana do Boa Boa;0
2022;Krenreh�;0
2022;Urucu/Juru�;0,07
2022;Sangradouro/Volta Grande;0
2022;Karaj� de Aruan� II;0
2022;Morro Branco;0
2022;Lagoa dos Brincos;0
2022;Cana Brava/Guajajara;0,24
2022;M�dio Rio Negro II;0
2022;Riozinho;0,1
2022;Rio Greg�rio;0
2022;Tup�-Sup�;0
2022;Rio Branco;0,35
2022;Merure;0
2022;Porquinhos dos Canela-Ap�njekra;0,5
2022;Erikpats�;0
2022;Panar�;0,96
2022;Bakairi;0
2022;Apurin� do Igarap� S�o Jo�o;0
2022;Sururu�;0,08
2022;Uty-Xunaty;0
2022;Vista Alegre;0
2022;Mangueira;0
2022;Cacique Fontoura;0
2022;Boa Vista - AM;0
2022;Lago do Beruri;0
2022;Ch�o Preto;0
2022;Perigara;0
2022;Parque do Xingu;1,65
2022;Igarap� Lourdes;0,68
2022;Piripkura ( restri��o de uso );0,44
2022;Paresi;0
2022;Coata-Laranjal;0,35
2022;Bom Jesus;0
2022;Paumari do Lago Marah�;0,4
2022;Esta��o Parecis;0
2022;Rio Bi�;0,7
2022;Menk�;0,38
2022;Tubar�o Latunde;0,19
2022;S�o Marcos - RR;0,39
2022;Sepoti;4,41
2022;Tereza Cristina;0
2022;Umutina;0
2022;Tik�na de Feijoal;0,1
2022;Kayap�;8,49
2022;Yanomami;22,8
2022;Paqui�amba;0,29
2022;Amanay�;0,58
2022;Marechal Rondon;0
2022;Lago do Marinheiro;0
2022;Moskow;0,29
2022;Raposa Serra do Sol;0,49
2022;Rio Negro Ocaia;0,59
2022;Pirititi;0,05
2022;Nove de Janeiro;0
2022;Caru;0,23
2022;Inawebohona;0
2022;Sucuba;0
2022;Tor�;0
2022;Serra da Mo�a;0
2022;Xipaya;0,06
2022;Trocar� - Doa��o;0
2022;Sissa�ma;3,57
2022;Rio Mequens;0,07
2022;Rio Apaporis;0,07
2022;Guat�;0
2022;Maracaxi;0
2022;S�o Domingos - MT;0
2022;Pacaas Novas;5,01
2022;Juininha;0
2022;Awa;0,27
2022;Pimentel Barbosa;0
2022;Arawet� Igarap� Ipixuna;2,04
2022;Lago Jauari;0
2022;Manoa/Pium;0,78
2022;Sete de Setembro;2,05
2022;Kraolandia;0
2022;Krah�-Kanela;0
2022;Uneiuxi;0
2022;S�o Marcos - MT;0
2022;Kanela;0
2022;Xambio�;0
2022;Xerente;0
2022;Bragan�a-Marituba;0
2022;Bacurizinho;3,17
2022;Tabalascada;0,1
2022;Utiariti;0
2022;Galibi;0
2022;Pirineus de Souza;0,32
2022;Malacacheta;0,17
2022;Lagoa Comprida;0
2022;Paumari do Cuniua;0,31
2022;Gavi�o;0,17
2022;Poyanawa;0,07
2022;Arary;0,45
2022;Koatinemo;0,18
2022;Rio Omer�;0
2022;Truaru;0,08
2022;Diahui;0
2022;Prosperidade;0
2022;Ubawawe;0
2022;Pinatuba;0
2022;Portal do Encantado;0,25
2022;Tukuna Porto Espiritual;0,08
2022;Wai�pi;0,75
2022;Miguel/Josefa;0
2022;Sarar�;1,1
2022;Rio Jumas;0
2022;Arara do Rio Branco;0,71
2022;Rodeador;0
2022;Anta;0
2022;Praia do Mangue;0
2022;Rio Formoso;0
2022;Praia do �ndio;0
2022;Karaj� de Aruan� III;0
2022;Santa Inez;0,05
2022;Munduruku;4,59
2022;Ba�a dos Guat�;0
2022;Temb�;0
2022;Paumari do Lago Manissu�;0
2022;Tur�/Mariquita II;0
2022;Mara� Urubaxi;0
2022;Kawahiva do Rio Pardo;0,12
2022;Pequizal;0
2022;Mar�;0
2022;Enawen�-Naw�;0,46
2022;Las Casas;0
2022;Cajueiro;0
2022;Jatuarana;0
2022;Lago Capan�;0
2022;Vale do Javari;2,01
2022;Apinay�;0
2022;Itixi Mitari;0,06
2022;Parque do Tumucumaque;0
2022;Japuira;0
2022;Sai-Cinza;0,52
2022;S�o Sebasti�o;0,08
2022;Jacamim;0,1
2022;Alto Turia�u;0,98
2022;Barata Livramento;0
2022;Vui-Uata-In;0,07
2022;Manoki;5,01
2022;Natal/Felicidade;0
2022;Ilha do Camale�o;0
2022;Kayabi;3,81
2022;Tabocal;0
2022;Sagarana;0,27
2022;Tirecatinga;0
2022;Waimiri-Atroari;1,35
2022;WaiW�i;0,02
2022;Trombetas/Mapuera;0,51
2022;Terena Gleba Iriri;0,09
2022;Kwaz� do Rio S�o Pedro;0
2022;Zuruah�;0
2022;Maranduba;0
2022;Lago do Lim�o;0,42
2022;Uneiuxi;0,08
2022;Ara��;0
2022;Zor�;1,42
2022;Kuru�ya;0
2022;Tadarimana;0
2022;Karaj� Santana do Araguaia;0
2022;Batovi;0,09
2022;Rio Urubu;0,19
2022;Pirah�;0,42
2022;Munduruku-Taquara;0,02
2022;Roosevelt;0,77
2022;S�o Leopoldo;0,11
2022;Governador;0
2022;Sarau�;0,49
2022;Tanaru ( restri��o de uso );0
2022;Soror�;0
2022;Geralda Toco Preto;0
2022;Menk�;0
2022;Zoe;0,07
2022;Irantxe;0
2022;Rio T�a;0
2022;Apipica;0
2022;Porto Limoeiro;0
2022;Xikrin do Rio Catete;0,62
2022;Figueiras;0
2022;Riozinho do Alto Envira;0,08
2022;Lago Aiapua;0
2022;Ouro;0
2022;Utaria Wyhyna/Ir�du Ir�na;0
2022;Rio Manicor�;0
2022;Uati-Paran�;0
2022;Funil;0
2022;Batel�o;0
2022;Patau�;0
2022;Nukini;0,06
2022;Porto Praia;0
2022;Raimund�o;0
2022;Kanela Memortumr�;0,27
2022;Ipixuna;0,49
2022;Ua��;0,83
2022;S�o Pedro;0
2022;Ituna/Itat� (restri��o de uso);18,05
2022;Arariboia;1,29
2022;Rio Pindar�;0
2022;Are�es;0
2022;Karara�;0
2022;S�o Domingos do Jacapari e Esta��o;0
2022;Pequizal do Naruv�tu;0,24
2022;Jabuti;0
2022;Padre;0
2022;Parque do Aripuan�;0,09
2022;Ponciano;0,78
2022;Cajuhiri Atravessado;0
2022;Paukalirajausu;0
2022;Seruini/Mariene;0,64
2022;Escondido;0,1
2022;Trincheira;0
2022;Tenharim Marmelos (Gleba B);7,37
2022;Urubu Branco;0,68
2022;Taihantesu;0
2022;Tenharim do Igarap� Preto;0,08
2021;Jarawara/Jamamadi/Kanamati;0,13
2021;Kaxarari;1,29
2021;Barreira da Miss�o;0,07
2021;Igarap� Capana;0
2021;Banaw�;0
2021;Kanamari do Rio Juru�;0,7
2021;Mamoadate;0,75
2021;Camadeni;0
2021;Anaro;0
2021;Alto Tarauac�;0
2021;Kampa e Isolados do Rio Envira;0
2021;Kulina Igarap� do Pau;0,03
2021;Karitiana;0,19
2021;Caititu;0,39
2021;Apurin� Km 124 BR-317;1,39
2021;Cacau do Tarauaca;0,08
2021;Bom Intento;0
2021;Macarr�o;0
2021;S�o Francisco do Canimari;0,17
2021;Kampa do Rio Am�nia;0,06
2021;Ba�;1,29
2021;Krikati;0,2
2021;Kaxinaw� do Rio Jord�o;0,33
2021;Jaminawa do Igarap� Preto;0,07
2021;Kaxinaw� Col�nia Vinte e Sete;0
2021;Guanabara;0,09
2021;Jurubaxi-t�a;0,18
2021;Mapari;0
2021;Peneri/Tacaquiri;0,47
2021;�vare II;0,73
2021;Igarap� do Caucho;0,15
2021;Kaxinaw� Nova Olinda;0,31
2021;Alto Rio Negro;4,04
2021;Esp�rito Santo;0
2021;Jaminaua/Envira;0,24
2021;Kumaru do Lago Ual�;0,2
2021;Camicua;0,11
2021;Igarap� Grande;0,06
2021;Inauini/Teuini;0,22
2021;Hi Merim�;0
2021;Igarap� Taboca do Alto Tarauac�;0
2021;Barro Alto;0
2021;Cabeceira do Rio Acre;0,34
2021;Paumari do Lago Paric�;0
2021;Andir�-Marau;4,78
2021;Deni;0,46
2021;Balaio;0,11
2021;Campinas/Katukina;0,18
2021;Kaxinaw� Ashaninka do Rio Breu;0
2021;�gua Preta/Inari;0,08
2021;Kaxinaw� do Baixo Rio Jord�o;0,1
2021;Guajah�;0
2021;Anan�s;0
2021;Sapotal;0
2021;Paran� do Arauat�;0
2021;S�o Pedro do Sepatini;0
2021;Santana;0
2021;Igarap� Lage;0,51
2021;Kaxinaw� do Rio Humait�;0,41
2021;M�e Maria;0,21
2021;Kreny�;0
2021;Kampa do Igarap� Primavera;0
2021;Badjonkore;0,03
2021;Jaminawa Arara do Rio Bag�;0
2021;Kaxinaw� da Praia do Carapan�;0,4
2021;Alto Rio Purus;0,14
2021;Acapuri de Cima;0
2021;Betania;0,25
2021;Rio Guapor�;0,2
2021;Cuiu-Cuiu;0,11
2021;Catipari/Mamoria;0
2021;Lauro Sodr�;0,2
2021;Boca do Acre;0,69
2021;Apurin� do Igarap� Mucuim;0,07
2021;Juma;0
2021;Igarap� Ribeir�o;0,28
2021;Kulina do Medio Jurua;0,49
2021;Estrela da Paz;0,07
2021;Arara do Igarap� Humait�;0
2021;Kulina do Rio Envira;0
2021;�vare I;2,6
2021;Karipuna;7,05
2021;Marajai;0
2021;Jacare�ba/Katauixi (restri��o uso);0,15
2021;Kaxinaw� Seringal Independ�ncia;0,22
2021;Matintin;0
2021;Acim�;0
2021;Cu� Cu�/ Marabitanas;0,73
2021;Mawetek;0,15
2021;Alto Sepatini;0,08
2021;Apiaka/Kayabi;0,38
2021;Arara da Volta Grande do Xingu;0
2021;Apiak� do Pontal e Isolados;0,45
2021;Katukina/Kaxinaw�;0,32
2021;Miratu;0,49
2021;Lago do Correio;0
2021;Jaquiri;0
2021;Paumari do Rio Ituxi;0
2021;Arara do Rio Am�nia;0,07
2021;Paracuhuba;0,35
2021;Tuwa Apekuokawera;0
2021;Jumina;0
2021;Tikuna de Santo Antonio;0
2021;Nova Jacund�;0
2021;Estivadinho;0
2021;Apurin� Igarap� Tauamirim;0,14
2021;Juruna do Km 17;0
2021;Fortaleza do Castanho;0
2021;Capoto/Jarina;0,5
2021;Jauary;2,02
2021;Nhamund�/Mapuera;0,24
2021;Uru-Eu-Wau-Wau;2,37
2021;Santa Cruz da Nova Alian�a;0
2021;Pium;0
2021;Aripuan�;1,57
2021;Uirapuru;0
2021;Wedez�;0,46
2021;Tur�/Mariquita;0
2021;Itaitinga;0
2021;Taego �wa;0,19
2021;Parabubure;0
2021;Meria;0
2021;Trincheira Bacaja;35,63
2021;Nambikwara;0,95
2021;Vale do Guapor�;0,21
2021;Muriru;0
2021;Cunh�-Sapucaia;0,25
2021;Jarudore;0
2021;Ponte de Pedra;0
2021;Alto Rio Guam�;0,88
2021;Aningal;0
2021;Rio Paru DEste;0
2021;Menkragnoti;0,71
2021;Porquinhos;0
2021;Serra Morena;0
2021;Bacurizinho;0,05
2021;Cachoeira Seca;23,4
2021;Anamb�;0,24
2021;Barreirinha;0,27
2021;Tumi�;0,1
2021;Setem�;0
2021;Fortaleza do Patau�;0
2021;Paqui�amba;0,16
2021;Marait�;0
2021;Massaco;0,02
2021;Boqueir�o;0
2021;Apyterewa;68,48
2021;Sawr� Muybu (Pimental);0,08
2021;Recreio/S�o F�lix;0
2021;Wawi;0
2021;Cuia;0,14
2021;Kaxuyana-Tunayana;1,14
2021;Tapirap�/Karaj�;0
2021;Trocar�;0
2021;Ariramba;0
2021;Cobra Grande;0,17
2021;Rio Negro Ocaia;0
2021;Arara;0,25
2021;Rio Greg�rio;0,27
2021;Parakan�;0,09
2021;Parque do Araguaia;0
2021;Nova Esperan�a do Rio Jandiatuba;0
2021;Ponta da Serra;0
2021;M�dio Rio Negro I;0,21
2021;Murutinga/Tracaja;0,76
2021;Tukuna Umaria�u;0,27
2021;Tenharim Marmelos;0,69
2021;Canauanim;0,1
2021;Maraiwatsede;15,08
2021;Parana do Paric�;0
2021;Parana do Boa Boa;0,15
2021;Krenreh�;0
2021;Urucu/Juru�;0
2021;Sangradouro/Volta Grande;0
2021;Karaj� de Aruan� II;0
2021;Morro Branco;0
2021;Lagoa dos Brincos;0
2021;Cana Brava/Guajajara;0,32
2021;M�dio Rio Negro II;0,06
2021;Riozinho;0
2021;Rio Greg�rio;0,2
2021;Tup�-Sup�;0
2021;Rio Branco;0,96
2021;Merure;0
2021;Porquinhos dos Canela-Ap�njekra;0,1
2021;Erikpats�;0,1
2021;Panar�;0,31
2021;Bakairi;0
2021;Apurin� do Igarap� S�o Jo�o;0
2021;Sururu�;0,39
2021;Uty-Xunaty;0
2021;Vista Alegre;0,07
2021;Mangueira;0
2021;Cacique Fontoura;0
2021;Boa Vista - AM;0
2021;Lago do Beruri;0
2021;Ch�o Preto;0
2021;Perigara;0
2021;Parque do Xingu;5,62
2021;Igarap� Lourdes;1,2
2021;Piripkura ( restri��o de uso );21,42
2021;Paresi;0
2021;Coata-Laranjal;1,24
2021;Bom Jesus;0
2021;Paumari do Lago Marah�;0,08
2021;Esta��o Parecis;0
2021;Rio Bi�;0,12
2021;Menk�;0,81
2021;Tubar�o Latunde;0,28
2021;S�o Marcos - RR;0,94
2021;Sepoti;1,99
2021;Tereza Cristina;0
2021;Umutina;0,08
2021;Tik�na de Feijoal;0,56
2021;Kayap�;26,09
2021;Yanomami;7,2
2021;Paqui�amba;0,15
2021;Amanay�;1,08
2021;Marechal Rondon;0
2021;Lago do Marinheiro;0
2021;Moskow;0
2021;Raposa Serra do Sol;0,69
2021;Rio Negro Ocaia;0,11
2021;Pirititi;0,17
2021;Nove de Janeiro;0,06
2021;Caru;0
2021;Inawebohona;0
2021;Sucuba;0
2021;Tor�;0
2021;Serra da Mo�a;0
2021;Xipaya;0,53
2021;Trocar� - Doa��o;0
2021;Sissa�ma;2,07
2021;Rio Mequens;0,26
2021;Rio Apaporis;0,37
2021;Guat�;0
2021;Maracaxi;0
2021;S�o Domingos - MT;0
2021;Pacaas Novas;0,7
2021;Juininha;0
2021;Awa;0
2021;Pimentel Barbosa;0
2021;Arawet� Igarap� Ipixuna;3,62
2021;Lago Jauari;0
2021;Manoa/Pium;0,07
2021;Sete de Setembro;14,58
2021;Kraolandia;0
2021;Krah�-Kanela;0
2021;Uneiuxi;0
2021;S�o Marcos - MT;0
2021;Kanela;0,13
2021;Xambio�;0
2021;Xerente;0
2021;Bragan�a-Marituba;0
2021;Bacurizinho;2,52
2021;Tabalascada;0,15
2021;Utiariti;0
2021;Galibi;0
2021;Pirineus de Souza;0
2021;Malacacheta;0,76
2021;Lagoa Comprida;0
2021;Paumari do Cuniua;0
2021;Gavi�o;0,01
2021;Poyanawa;0,26
2021;Arary;0
2021;Koatinemo;0,37
2021;Rio Omer�;0
2021;Truaru;0
2021;Diahui;0
2021;Prosperidade;0
2021;Ubawawe;0
2021;Pinatuba;0,43
2021;Portal do Encantado;0,57
2021;Tukuna Porto Espiritual;0,08
2021;Wai�pi;0,63
2021;Miguel/Josefa;0
2021;Sarar�;1,18
2021;Rio Jumas;0
2021;Arara do Rio Branco;3,3
2021;Rodeador;0
2021;Anta;0
2021;Praia do Mangue;0
2021;Rio Formoso;0
2021;Praia do �ndio;0
2021;Karaj� de Aruan� III;0
2021;Santa Inez;0
2021;Munduruku;21,87
2021;Ba�a dos Guat�;0
2021;Temb�;0
2021;Paumari do Lago Manissu�;0,42
2021;Tur�/Mariquita II;0
2021;Mara� Urubaxi;0,17
2021;Kawahiva do Rio Pardo;0
2021;Pequizal;0
2021;Mar�;0
2021;Enawen�-Naw�;0,28
2021;Las Casas;0
2021;Cajueiro;0
2021;Jatuarana;0
2021;Lago Capan�;0
2021;Vale do Javari;1,15
2021;Apinay�;0
2021;Itixi Mitari;0
2021;Parque do Tumucumaque;0,54
2021;Japuira;0
2021;Sai-Cinza;2,71
2021;S�o Sebasti�o;0,23
2021;Jacamim;0,06
2021;Alto Turia�u;0,55
2021;Barata Livramento;0,15
2021;Vui-Uata-In;0,23
2021;Manoki;2,57
2021;Natal/Felicidade;0
2021;Ilha do Camale�o;0
2021;Kayabi;8,49
2021;Tabocal;0
2021;Sagarana;0,22
2021;Tirecatinga;0
2021;Waimiri-Atroari;0,74
2021;WaiW�i;0,4
2021;Trombetas/Mapuera;1,07
2021;Terena Gleba Iriri;0,43
2021;Kwaz� do Rio S�o Pedro;0,11
2021;Zuruah�;0,53
2021;Maranduba;0
2021;Lago do Lim�o;0,07
2021;Uneiuxi;0
2021;Ara��;0
2021;Zor�;1,39
2021;Kuru�ya;0,17
2021;Tadarimana;0
2021;Karaj� Santana do Araguaia;0
2021;Batovi;0,32
2021;Rio Urubu;0,17
2021;Pirah�;1,01
2021;Munduruku-Taquara;0,12
2021;Roosevelt;3,54
2021;S�o Leopoldo;0,38
2021;Governador;0
2021;Sarau�;2,07
2021;Tanaru ( restri��o de uso );0
2021;Soror�;0,13
2021;Geralda Toco Preto;0
2021;Menk�;0
2021;Zoe;0,07
2021;Irantxe;0
2021;Rio T�a;0,14
2021;Apipica;0
2021;Porto Limoeiro;0
2021;Xikrin do Rio Catete;1,67
2021;Figueiras;0
2021;Riozinho do Alto Envira;0,07
2021;Lago Aiapua;0
2021;Ouro;0
2021;Utaria Wyhyna/Ir�du Ir�na;0
2021;Rio Manicor�;0
2021;Uati-Paran�;0
2021;Funil;0
2021;Batel�o;0
2021;Patau�;0
2021;Nukini;0,22
2021;Porto Praia;0
2021;Raimund�o;0
2021;Kanela Memortumr�;0,22
2021;Ipixuna;0,06
2021;Ua��;0,37
2021;S�o Pedro;0,03
2021;Ituna/Itat� (restri��o de uso);4,47
2021;Arariboia;1
2021;Rio Pindar�;0
2021;Are�es;0,25
2021;Karara�;0
2021;S�o Domingos do Jacapari e Esta��o;0
2021;Pequizal do Naruv�tu;0
2021;Jabuti;0
2021;Padre;0
2021;Parque do Aripuan�;0,44
2021;Ponciano;0,18
2021;Cajuhiri Atravessado;0,08
2021;Paukalirajausu;0,12
2021;Seruini/Mariene;0
2021;Escondido;0
2021;Trincheira;0,08
2021;Tenharim Marmelos (Gleba B);2,55
2021;Urubu Branco;0,19
2021;Taihantesu;0
2021;Tenharim do Igarap� Preto;0,14
2020;Jarawara/Jamamadi/Kanamati;0
2020;Kaxarari;2,32
2020;Barreira da Miss�o;0,23
2020;Igarap� Capana;0,19
2020;Banaw�;0
2020;Kanamari do Rio Juru�;0,48
2020;Mamoadate;0,84
2020;Camadeni;0
2020;Anaro;0
2020;Alto Tarauac�;0
2020;Kampa e Isolados do Rio Envira;0
2020;Kulina Igarap� do Pau;0,08
2020;Karitiana;0
2020;Caititu;0,27
2020;Apurin� Km 124 BR-317;0,73
2020;Cacau do Tarauaca;0
2020;Bom Intento;0
2020;Macarr�o;0,08
2020;S�o Francisco do Canimari;0
2020;Kampa do Rio Am�nia;0,38
2020;Ba�;1,25
2020;Krikati;0,52
2020;Kaxinaw� do Rio Jord�o;2,08
2020;Jaminawa do Igarap� Preto;0,24
2020;Kaxinaw� Col�nia Vinte e Sete;0
2020;Guanabara;0
2020;Jurubaxi-t�a;0,21
2020;Mapari;0
2020;Peneri/Tacaquiri;0,07
2020;�vare II;0,93
2020;Igarap� do Caucho;0
2020;Kaxinaw� Nova Olinda;0,18
2020;Alto Rio Negro;1,74
2020;Esp�rito Santo;0
2020;Jaminaua/Envira;0,09
2020;Kumaru do Lago Ual�;0
2020;Camicua;0,05
2020;Igarap� Grande;0
2020;Inauini/Teuini;0,27
2020;Hi Merim�;0
2020;Igarap� Taboca do Alto Tarauac�;0
2020;Barro Alto;0
2020;Cabeceira do Rio Acre;0,24
2020;Paumari do Lago Paric�;0
2020;Andir�-Marau;3,43
2020;Deni;1,42
2020;Balaio;0
2020;Campinas/Katukina;0,42
2020;Kaxinaw� Ashaninka do Rio Breu;0
2020;�gua Preta/Inari;0,44
2020;Kaxinaw� do Baixo Rio Jord�o;1,16
2020;Guajah�;0
2020;Anan�s;0
2020;Sapotal;0
2020;Paran� do Arauat�;0
2020;S�o Pedro do Sepatini;0
2020;Santana;0
2020;Igarap� Lage;1,91
2020;Kaxinaw� do Rio Humait�;0,27
2020;M�e Maria;0
2020;Kreny�;0
2020;Kampa do Igarap� Primavera;0
2020;Badjonkore;2,62
2020;Jaminawa Arara do Rio Bag�;0,3
2020;Kaxinaw� da Praia do Carapan�;0,17
2020;Alto Rio Purus;0,38
2020;Acapuri de Cima;0
2020;Betania;0,25
2020;Rio Guapor�;0,44
2020;Cuiu-Cuiu;0,07
2020;Catipari/Mamoria;0
2020;Lauro Sodr�;0
2020;Boca do Acre;0,39
2020;Apurin� do Igarap� Mucuim;0
2020;Juma;0,07
2020;Igarap� Ribeir�o;0,48
2020;Kulina do Medio Jurua;0,09
2020;Estrela da Paz;0,26
2020;Arara do Igarap� Humait�;1,27
2020;Kulina do Rio Envira;0
2020;�vare I;1,04
2020;Karipuna;7,98
2020;Marajai;0
2020;Jacare�ba/Katauixi (restri��o uso);0,1
2020;Kaxinaw� Seringal Independ�ncia;0
2020;Matintin;0
2020;Acim�;0,08
2020;Cu� Cu�/ Marabitanas;1
2020;Mawetek;0,07
2020;Alto Sepatini;0
2020;Apiaka/Kayabi;0,95
2020;Arara da Volta Grande do Xingu;0,08
2020;Apiak� do Pontal e Isolados;0,06
2020;Katukina/Kaxinaw�;0,23
2020;Miratu;0
2020;Lago do Correio;0
2020;Jaquiri;0
2020;Paumari do Rio Ituxi;0
2020;Arara do Rio Am�nia;0,57
2020;Paracuhuba;0,04
2020;Tuwa Apekuokawera;0
2020;Jumina;0
2020;Tikuna de Santo Antonio;0
2020;Nova Jacund�;0
2020;Estivadinho;0
2020;Apurin� Igarap� Tauamirim;0
2020;Juruna do Km 17;0
2020;Fortaleza do Castanho;0
2020;Capoto/Jarina;0,12
2020;Jauary;0,26
2020;Nhamund�/Mapuera;0,36
2020;Uru-Eu-Wau-Wau;3,29
2020;Santa Cruz da Nova Alian�a;0
2020;Pium;0
2020;Aripuan�;1,04
2020;Uirapuru;0
2020;Wedez�;0
2020;Tur�/Mariquita;0
2020;Itaitinga;0
2020;Taego �wa;0,1
2020;Parabubure;0
2020;Meria;0
2020;Trincheira Bacaja;23
2020;Nambikwara;0,07
2020;Vale do Guapor�;0,33
2020;Muriru;0
2020;Cunh�-Sapucaia;0,08
2020;Jarudore;0
2020;Ponte de Pedra;0
2020;Alto Rio Guam�;4,84
2020;Aningal;0,08
2020;Rio Paru DEste;0
2020;Menkragnoti;2,14
2020;Porquinhos;0,08
2020;Serra Morena;0,28
2020;Bacurizinho;0
2020;Cachoeira Seca;72,49
2020;Anamb�;0
2020;Barreirinha;0
2020;Tumi�;0
2020;Setem�;0
2020;Fortaleza do Patau�;0
2020;Paqui�amba;0,46
2020;Marait�;0
2020;Massaco;0
2020;Boqueir�o;0
2020;Apyterewa;63,27
2020;Sawr� Muybu (Pimental);1,47
2020;Recreio/S�o F�lix;0
2020;Wawi;0,14
2020;Cuia;0,08
2020;Kaxuyana-Tunayana;1
2020;Tapirap�/Karaj�;0
2020;Trocar�;0
2020;Ariramba;0
2020;Cobra Grande;0
2020;Rio Negro Ocaia;0,06
2020;Arara;0,12
2020;Rio Greg�rio;0,37
2020;Parakan�;0,18
2020;Parque do Araguaia;0
2020;Nova Esperan�a do Rio Jandiatuba;0,06
2020;Ponta da Serra;0
2020;M�dio Rio Negro I;1,43
2020;Murutinga/Tracaja;0,51
2020;Tukuna Umaria�u;0
2020;Tenharim Marmelos;0,63
2020;Canauanim;0,11
2020;Maraiwatsede;1,67
2020;Parana do Paric�;0
2020;Parana do Boa Boa;0,07
2020;Krenreh�;0
2020;Urucu/Juru�;0
2020;Sangradouro/Volta Grande;0
2020;Karaj� de Aruan� II;0
2020;Morro Branco;0
2020;Lagoa dos Brincos;0
2020;Cana Brava/Guajajara;0
2020;M�dio Rio Negro II;0,29
2020;Riozinho;0,16
2020;Rio Greg�rio;0,28
2020;Tup�-Sup�;0
2020;Rio Branco;0,93
2020;Merure;0
2020;Porquinhos dos Canela-Ap�njekra;0,1
2020;Erikpats�;1,31
2020;Panar�;1,02
2020;Bakairi;0
2020;Apurin� do Igarap� S�o Jo�o;0
2020;Sururu�;0
2020;Uty-Xunaty;0
2020;Vista Alegre;0
2020;Mangueira;0
2020;Cacique Fontoura;0
2020;Boa Vista - AM;0
2020;Lago do Beruri;0,12
2020;Ch�o Preto;0
2020;Perigara;0
2020;Parque do Xingu;3,74
2020;Igarap� Lourdes;1,48
2020;Piripkura ( restri��o de uso );0,23
2020;Paresi;0
2020;Coata-Laranjal;0,53
2020;Bom Jesus;0
2020;Paumari do Lago Marah�;0,08
2020;Esta��o Parecis;0
2020;Rio Bi�;0,33
2020;Menk�;0,8
2020;Tubar�o Latunde;0,57
2020;S�o Marcos - RR;0,56
2020;Sepoti;0,29
2020;Tereza Cristina;0
2020;Umutina;0
2020;Tik�na de Feijoal;0
2020;Kayap�;16,47
2020;Yanomami;9,86
2020;Paqui�amba;0,09
2020;Amanay�;1,01
2020;Marechal Rondon;0
2020;Lago do Marinheiro;0
2020;Moskow;0,27
2020;Raposa Serra do Sol;0,99
2020;Rio Negro Ocaia;0,06
2020;Pirititi;0,57
2020;Nove de Janeiro;0
2020;Caru;0
2020;Inawebohona;0
2020;Sucuba;0
2020;Tor�;0
2020;Serra da Mo�a;0
2020;Xipaya;0,6
2020;Trocar� - Doa��o;0
2020;Sissa�ma;0,4
2020;Rio Mequens;0,08
2020;Rio Apaporis;0
2020;Guat�;0
2020;Maracaxi;0
2020;S�o Domingos - MT;0
2020;Pacaas Novas;1,18
2020;Juininha;0
2020;Awa;0,73
2020;Pimentel Barbosa;0
2020;Arawet� Igarap� Ipixuna;1,05
2020;Lago Jauari;0
2020;Manoa/Pium;1,3
2020;Sete de Setembro;2,99
2020;Kraolandia;0
2020;Krah�-Kanela;0
2020;Uneiuxi;0
2020;S�o Marcos - MT;0
2020;Kanela;0
2020;Xambio�;0
2020;Xerente;0
2020;Bragan�a-Marituba;0
2020;Bacurizinho;0,62
2020;Tabalascada;0,1
2020;Utiariti;0,19
2020;Galibi;0
2020;Pirineus de Souza;0
2020;Malacacheta;0,24
2020;Lagoa Comprida;0
2020;Paumari do Cuniua;0
2020;Gavi�o;0,07
2020;Poyanawa;0
2020;Arary;0
2020;Koatinemo;0,84
2020;Rio Omer�;0
2020;Truaru;0
2020;Diahui;0,07
2020;Prosperidade;0
2020;Ubawawe;0
2020;Pinatuba;0,2
2020;Portal do Encantado;3,86
2020;Tukuna Porto Espiritual;0
2020;Wai�pi;0,52
2020;Miguel/Josefa;0
2020;Sarar�;0,11
2020;Rio Jumas;0
2020;Arara do Rio Branco;1,25
2020;Rodeador;0
2020;Anta;0
2020;Praia do Mangue;0
2020;Rio Formoso;0
2020;Praia do �ndio;0
2020;Karaj� de Aruan� III;0
2020;Santa Inez;0
2020;Munduruku;20,52
2020;Ba�a dos Guat�;0,09
2020;Temb�;0
2020;Paumari do Lago Manissu�;0
2020;Tur�/Mariquita II;0
2020;Mara� Urubaxi;0
2020;Kawahiva do Rio Pardo;0,1
2020;Pequizal;0
2020;Mar�;0
2020;Enawen�-Naw�;0,09
2020;Las Casas;0
2020;Cajueiro;0
2020;Jatuarana;0
2020;Lago Capan�;0
2020;Vale do Javari;1,37
2020;Apinay�;0
2020;Itixi Mitari;0
2020;Parque do Tumucumaque;0
2020;Japuira;0
2020;Sai-Cinza;3,05
2020;S�o Sebasti�o;0,22
2020;Jacamim;0,14
2020;Alto Turia�u;9,43
2020;Barata Livramento;0
2020;Vui-Uata-In;0,16
2020;Manoki;14,55
2020;Natal/Felicidade;0
2020;Ilha do Camale�o;0
2020;Kayabi;3,29
2020;Tabocal;0
2020;Sagarana;0
2020;Tirecatinga;0
2020;Waimiri-Atroari;1,15
2020;WaiW�i;0,16
2020;Trombetas/Mapuera;0,7
2020;Terena Gleba Iriri;6,42
2020;Kwaz� do Rio S�o Pedro;0
2020;Zuruah�;0
2020;Maranduba;0
2020;Lago do Lim�o;0,02
2020;Uneiuxi;0
2020;Ara��;0
2020;Zor�;2,86
2020;Kuru�ya;0
2020;Tadarimana;0
2020;Karaj� Santana do Araguaia;0
2020;Batovi;0,19
2020;Rio Urubu;0
2020;Pirah�;0,08
2020;Munduruku-Taquara;0
2020;Roosevelt;1,28
2020;S�o Leopoldo;0
2020;Governador;0
2020;Sarau�;1,77
2020;Tanaru ( restri��o de uso );0
2020;Soror�;0,09
2020;Geralda Toco Preto;0,02
2020;Menk�;0
2020;Zoe;0
2020;Irantxe;0
2020;Rio T�a;0,16
2020;Apipica;0
2020;Porto Limoeiro;0
2020;Xikrin do Rio Catete;1,28
2020;Figueiras;0
2020;Riozinho do Alto Envira;0
2020;Lago Aiapua;0
2020;Ouro;0
2020;Utaria Wyhyna/Ir�du Ir�na;0
2020;Rio Manicor�;0,25
2020;Uati-Paran�;0
2020;Funil;0
2020;Batel�o;0
2020;Patau�;0
2020;Nukini;0,3
2020;Porto Praia;0
2020;Raimund�o;0
2020;Kanela Memortumr�;0,08
2020;Ipixuna;0
2020;Ua��;0,4
2020;S�o Pedro;0
2020;Ituna/Itat� (restri��o de uso);61,68
2020;Arariboia;1,09
2020;Rio Pindar�;0
2020;Are�es;0
2020;Karara�;0
2020;S�o Domingos do Jacapari e Esta��o;0,07
2020;Pequizal do Naruv�tu;0
2020;Jabuti;0
2020;Padre;0
2020;Parque do Aripuan�;0,47
2020;Ponciano;0
2020;Cajuhiri Atravessado;0
2020;Paukalirajausu;0
2020;Seruini/Mariene;0
2020;Escondido;0
2020;Trincheira;0
2020;Tenharim Marmelos (Gleba B);0,7
2020;Urubu Branco;14,66
2020;Taihantesu;0
2020;Tenharim do Igarap� Preto;0
2019;Jarawara/Jamamadi/Kanamati;0,06
2019;Kaxarari;0,57
2019;Barreira da Miss�o;0
2019;Igarap� Capana;0
2019;Banaw�;0
2019;Kanamari do Rio Juru�;0,03
2019;Mamoadate;1,27
2019;Camadeni;0,07
2019;Anaro;0
2019;Alto Tarauac�;0
2019;Kampa e Isolados do Rio Envira;0,17
2019;Kulina Igarap� do Pau;0
2019;Karitiana;0
2019;Caititu;0
2019;Apurin� Km 124 BR-317;1,33
2019;Cacau do Tarauaca;0
2019;Bom Intento;0
2019;Macarr�o;0,21
2019;S�o Francisco do Canimari;0
2019;Kampa do Rio Am�nia;0,07
2019;Ba�;0,36
2019;Krikati;1,14
2019;Kaxinaw� do Rio Jord�o;0,41
2019;Jaminawa do Igarap� Preto;0
2019;Kaxinaw� Col�nia Vinte e Sete;0
2019;Guanabara;0
2019;Jurubaxi-t�a;0,21
2019;Mapari;0
2019;Peneri/Tacaquiri;0
2019;�vare II;0,91
2019;Igarap� do Caucho;0
2019;Kaxinaw� Nova Olinda;0,16
2019;Alto Rio Negro;3,13
2019;Esp�rito Santo;0
2019;Jaminaua/Envira;0,07
2019;Kumaru do Lago Ual�;0
2019;Camicua;0
2019;Igarap� Grande;0
2019;Inauini/Teuini;0,08
2019;Hi Merim�;0
2019;Igarap� Taboca do Alto Tarauac�;0
2019;Barro Alto;0
2019;Cabeceira do Rio Acre;0,23
2019;Paumari do Lago Paric�;0
2019;Andir�-Marau;4,08
2019;Deni;0,93
2019;Balaio;0,26
2019;Campinas/Katukina;0
2019;Kaxinaw� Ashaninka do Rio Breu;0
2019;�gua Preta/Inari;0
2019;Kaxinaw� do Baixo Rio Jord�o;0,18
2019;Guajah�;0
2019;Anan�s;0
2019;Sapotal;0
2019;Paran� do Arauat�;0,07
2019;S�o Pedro do Sepatini;0
2019;Santana;0
2019;Igarap� Lage;1,58
2019;Kaxinaw� do Rio Humait�;0
2019;M�e Maria;0,26
2019;Kreny�;0
2019;Kampa do Igarap� Primavera;0,16
2019;Badjonkore;0
2019;Jaminawa Arara do Rio Bag�;0,06
2019;Kaxinaw� da Praia do Carapan�;0,17
2019;Alto Rio Purus;0,12
2019;Acapuri de Cima;0
2019;Betania;0
2019;Rio Guapor�;0
2019;Cuiu-Cuiu;0
2019;Catipari/Mamoria;0,16
2019;Lauro Sodr�;0
2019;Boca do Acre;0,72
2019;Apurin� do Igarap� Mucuim;0
2019;Juma;0
2019;Igarap� Ribeir�o;0,24
2019;Kulina do Medio Jurua;0
2019;Estrela da Paz;0,08
2019;Arara do Igarap� Humait�;0,29
2019;Kulina do Rio Envira;0
2019;�vare I;2,93
2019;Karipuna;10,83
2019;Marajai;0
2019;Jacare�ba/Katauixi (restri��o uso);0,17
2019;Kaxinaw� Seringal Independ�ncia;0,34
2019;Matintin;0
2019;Acim�;0
2019;Cu� Cu�/ Marabitanas;0,49
2019;Mawetek;0
2019;Alto Sepatini;0
2019;Apiaka/Kayabi;0
2019;Arara da Volta Grande do Xingu;0,5
2019;Apiak� do Pontal e Isolados;0
2019;Katukina/Kaxinaw�;0,15
2019;Miratu;0,15
2019;Lago do Correio;0,15
2019;Jaquiri;0
2019;Paumari do Rio Ituxi;0
2019;Arara do Rio Am�nia;0
2019;Paracuhuba;0,12
2019;Tuwa Apekuokawera;0,13
2019;Jumina;0
2019;Tikuna de Santo Antonio;0,12
2019;Nova Jacund�;0
2019;Estivadinho;0
2019;Apurin� Igarap� Tauamirim;0
2019;Juruna do Km 17;0
2019;Fortaleza do Castanho;0
2019;Capoto/Jarina;0,08
2019;Jauary;0,2
2019;Nhamund�/Mapuera;2,07
2019;Uru-Eu-Wau-Wau;10,78
2019;Santa Cruz da Nova Alian�a;0
2019;Pium;0
2019;Aripuan�;0,27
2019;Uirapuru;0
2019;Wedez�;0
2019;Tur�/Mariquita;0,1
2019;Itaitinga;0
2019;Taego �wa;0
2019;Parabubure;0
2019;Meria;0
2019;Trincheira Bacaja;34,63
2019;Nambikwara;0,15
2019;Vale do Guapor�;0,1
2019;Muriru;0
2019;Cunh�-Sapucaia;0,14
2019;Jarudore;0
2019;Ponte de Pedra;0
2019;Alto Rio Guam�;2,31
2019;Aningal;0,33
2019;Rio Paru DEste;0,52
2019;Menkragnoti;0,72
2019;Porquinhos;0
2019;Serra Morena;0,09
2019;Bacurizinho;0,07
2019;Cachoeira Seca;61,3
2019;Anamb�;0
2019;Barreirinha;0
2019;Tumi�;0,08
2019;Setem�;0
2019;Fortaleza do Patau�;0
2019;Paqui�amba;0,75
2019;Marait�;0
2019;Massaco;0,04
2019;Boqueir�o;0,14
2019;Apyterewa;85,27
2019;Sawr� Muybu (Pimental);1,05
2019;Recreio/S�o F�lix;0
2019;Wawi;0
2019;Cuia;0
2019;Kaxuyana-Tunayana;1,18
2019;Tapirap�/Karaj�;0
2019;Trocar�;0
2019;Ariramba;0
2019;Cobra Grande;0
2019;Rio Negro Ocaia;0
2019;Arara;0,04
2019;Rio Greg�rio;0,72
2019;Parakan�;0
2019;Parque do Araguaia;0
2019;Nova Esperan�a do Rio Jandiatuba;0
2019;Ponta da Serra;0
2019;M�dio Rio Negro I;1,75
2019;Murutinga/Tracaja;0,61
2019;Tukuna Umaria�u;0,07
2019;Tenharim Marmelos;0,22
2019;Canauanim;0,74
2019;Maraiwatsede;0,99
2019;Parana do Paric�;0
2019;Parana do Boa Boa;0
2019;Krenreh�;0
2019;Urucu/Juru�;0
2019;Sangradouro/Volta Grande;0
2019;Karaj� de Aruan� II;0
2019;Morro Branco;0
2019;Lagoa dos Brincos;0
2019;Cana Brava/Guajajara;0
2019;M�dio Rio Negro II;0,14
2019;Riozinho;0
2019;Rio Greg�rio;0,22
2019;Tup�-Sup�;0
2019;Rio Branco;0,67
2019;Merure;0
2019;Porquinhos dos Canela-Ap�njekra;0,36
2019;Erikpats�;0
2019;Panar�;0,28
2019;Bakairi;0
2019;Apurin� do Igarap� S�o Jo�o;0
2019;Sururu�;0,07
2019;Uty-Xunaty;0
2019;Vista Alegre;0,31
2019;Mangueira;0
2019;Cacique Fontoura;0
2019;Boa Vista - AM;0
2019;Lago do Beruri;0
2019;Ch�o Preto;0
2019;Perigara;0
2019;Parque do Xingu;1,11
2019;Igarap� Lourdes;2,24
2019;Piripkura ( restri��o de uso );0,83
2019;Paresi;0
2019;Coata-Laranjal;0,62
2019;Bom Jesus;0
2019;Paumari do Lago Marah�;0,27
2019;Esta��o Parecis;0
2019;Rio Bi�;0,14
2019;Menk�;3,47
2019;Tubar�o Latunde;0,4
2019;S�o Marcos - RR;1,38
2019;Sepoti;0
2019;Tereza Cristina;0
2019;Umutina;0,41
2019;Tik�na de Feijoal;0,07
2019;Kayap�;20,07
2019;Yanomami;29,9
2019;Paqui�amba;0,2
2019;Amanay�;0,37
2019;Marechal Rondon;0
2019;Lago do Marinheiro;0
2019;Moskow;0,74
2019;Raposa Serra do Sol;2,75
2019;Rio Negro Ocaia;0
2019;Pirititi;0,65
2019;Nove de Janeiro;0,43
2019;Caru;0
2019;Inawebohona;0
2019;Sucuba;0,2
2019;Tor�;0
2019;Serra da Mo�a;0
2019;Xipaya;0
2019;Trocar� - Doa��o;0
2019;Sissa�ma;1,06
2019;Rio Mequens;0,02
2019;Rio Apaporis;0
2019;Guat�;0
2019;Maracaxi;0
2019;S�o Domingos - MT;0
2019;Pacaas Novas;0,42
2019;Juininha;0
2019;Awa;0
2019;Pimentel Barbosa;0
2019;Arawet� Igarap� Ipixuna;1,23
2019;Lago Jauari;0
2019;Manoa/Pium;1,46
2019;Sete de Setembro;3,92
2019;Kraolandia;0
2019;Krah�-Kanela;0
2019;Uneiuxi;0
2019;S�o Marcos - MT;0
2019;Kanela;0,47
2019;Xambio�;0
2019;Xerente;0
2019;Bragan�a-Marituba;0
2019;Bacurizinho;1,1
2019;Tabalascada;0,69
2019;Utiariti;0
2019;Galibi;0,15
2019;Pirineus de Souza;0
2019;Malacacheta;2,75
2019;Lagoa Comprida;0,07
2019;Paumari do Cuniua;0,07
2019;Gavi�o;0
2019;Poyanawa;0
2019;Arary;0
2019;Koatinemo;0,23
2019;Rio Omer�;0,02
2019;Truaru;0,07
2019;Diahui;0
2019;Prosperidade;0
2019;Ubawawe;0
2019;Pinatuba;0
2019;Portal do Encantado;4,06
2019;Tukuna Porto Espiritual;0,14
2019;Wai�pi;1,07
2019;Miguel/Josefa;0
2019;Sarar�;0
2019;Rio Jumas;0
2019;Arara do Rio Branco;0,46
2019;Rodeador;0,07
2019;Anta;0,07
2019;Praia do Mangue;0
2019;Rio Formoso;0
2019;Praia do �ndio;0
2019;Karaj� de Aruan� III;0
2019;Santa Inez;0
2019;Munduruku;18,35
2019;Ba�a dos Guat�;0
2019;Temb�;0,13
2019;Paumari do Lago Manissu�;0
2019;Tur�/Mariquita II;0
2019;Mara� Urubaxi;0,2
2019;Kawahiva do Rio Pardo;0
2019;Pequizal;0
2019;Mar�;0
2019;Enawen�-Naw�;0,47
2019;Las Casas;0
2019;Cajueiro;0
2019;Jatuarana;0
2019;Lago Capan�;0
2019;Vale do Javari;2,72
2019;Apinay�;0,07
2019;Itixi Mitari;0
2019;Parque do Tumucumaque;0,34
2019;Japuira;0
2019;Sai-Cinza;0,16
2019;S�o Sebasti�o;0,17
2019;Jacamim;0
2019;Alto Turia�u;1,19
2019;Barata Livramento;0
2019;Vui-Uata-In;0
2019;Manoki;4,53
2019;Natal/Felicidade;0
2019;Ilha do Camale�o;0
2019;Kayabi;0,95
2019;Tabocal;0
2019;Sagarana;0
2019;Tirecatinga;0
2019;Waimiri-Atroari;1,04
2019;WaiW�i;0,38
2019;Trombetas/Mapuera;0,81
2019;Terena Gleba Iriri;0,14
2019;Kwaz� do Rio S�o Pedro;0
2019;Zuruah�;0,83
2019;Maranduba;0
2019;Lago do Lim�o;0,31
2019;Uneiuxi;0
2019;Ara��;0,19
2019;Zor�;2,93
2019;Kuru�ya;0
2019;Tadarimana;0
2019;Karaj� Santana do Araguaia;0
2019;Batovi;0
2019;Rio Urubu;0,23
2019;Pirah�;0,6
2019;Munduruku-Taquara;0
2019;Roosevelt;0,81
2019;S�o Leopoldo;0
2019;Governador;0
2019;Sarau�;1,25
2019;Tanaru ( restri��o de uso );0
2019;Soror�;0,41
2019;Geralda Toco Preto;0
2019;Menk�;0
2019;Zoe;0
2019;Irantxe;0
2019;Rio T�a;0,1
2019;Apipica;0
2019;Porto Limoeiro;0
2019;Xikrin do Rio Catete;0,47
2019;Figueiras;0
2019;Riozinho do Alto Envira;0,08
2019;Lago Aiapua;0
2019;Ouro;0
2019;Utaria Wyhyna/Ir�du Ir�na;0
2019;Rio Manicor�;0
2019;Uati-Paran�;0,15
2019;Funil;0
2019;Batel�o;0,06
2019;Patau�;0,09
2019;Nukini;0,85
2019;Porto Praia;0
2019;Raimund�o;0,12
2019;Kanela Memortumr�;0
2019;Ipixuna;0
2019;Ua��;3,75
2019;S�o Pedro;0
2019;Ituna/Itat� (restri��o de uso);119,96
2019;Arariboia;1,43
2019;Rio Pindar�;0
2019;Are�es;0
2019;Karara�;0
2019;S�o Domingos do Jacapari e Esta��o;0
2019;Pequizal do Naruv�tu;0
2019;Jabuti;0
2019;Padre;0
2019;Parque do Aripuan�;0,27
2019;Ponciano;0,13
2019;Cajuhiri Atravessado;0
2019;Paukalirajausu;0
2019;Seruini/Mariene;0
2019;Escondido;0,07
2019;Trincheira;0,11
2019;Tenharim Marmelos (Gleba B);0,15
2019;Urubu Branco;0,12
2019;Taihantesu;0
2019;Tenharim do Igarap� Preto;0,13
